DATE,OPEN,HIGH,LOW,CLOSE,SPEED Signal SL,REV SL,SPEED Trend SL
10-04-2014,1484.45,1517.6,1475.75,1503.7,1419.87,1476.35,1408.83
11-04-2014,1485,1506.65,1480,1495.75,1443.56,1486.06,1408.83
15-04-2014,1494,1495.35,1434.3,1445.2,1445.01,1508.01,1408.83
16-04-2014,1447,1464.7,1427,1431.95,1496.78,1446.91,1408.83
17-04-2014,1437,1472.65,1437,1464.65,1490.83,1447.61,1408.83
21-04-2014,1470,1510,1469,1503.8,1435.71,1490.28,1419.87
22-04-2014,1506,1511.8,1488.1,1500.1,1448.54,1491.01,1425.72
23-04-2014,1492,1533.85,1492,1519.8,1463.6,1502.25,1425.72
25-04-2014,1522,1548,1501.15,1532.7,1481.35,1521.87,1425.72
28-04-2014,1550,1554.8,1525,1529.55,1496.25,1535.62,1425.72
29-04-2014,1536,1544.95,1507.7,1528.4,1502.35,1540.98,1435.71
30-04-2014,1537.9,1548.5,1497.15,1517.2,1495.8,1547.56,1467.68
02-05-2014,1525.35,1538.7,1518.5,1530.15,1495.8,1547.82,1486.76
05-05-2014,1535.95,1564.9,1521.5,1551.55,1512.07,1551.23,1490.66
06-05-2014,1555,1563.25,1528.5,1536.95,1512.96,1553.11,1495.8
07-05-2014,1533.7,1556,1516.7,1537.7,1514.67,1555.23,1495.8
08-05-2014,1542,1559.4,1533,1553.75,1515.33,1559.17,1495.8
09-05-2014,1555.9,1650,1547.75,1629,1531.62,1585.26,1495.8
12-05-2014,1653,1691.75,1639.1,1646.55,1546.36,1607.02,1515.33
13-05-2014,1675,1682,1640,1648.75,1574.94,1640.58,1515.33
14-05-2014,1652,1670,1630.35,1636.5,1595.65,1683.51,1515.33
15-05-2014,1640,1674.9,1639.05,1664.05,1616.78,1676.41,1515.33
16-05-2014,1750,1849.05,1684,1755,1637.57,1708.51,1531.62
19-05-2014,1777,1899.4,1777,1859.6,1671.38,1755.45,1546.36
20-05-2014,1870,1892.8,1841.05,1856.95,1711.85,1797.95,1628.88
21-05-2014,1858,1867.2,1810.05,1815.15,1746.46,1836.12,1628.88
22-05-2014,1829,1858,1805.1,1841.65,1780.04,1873.18,1628.88
23-05-2014,1846.25,1873.45,1840,1864.5,1803.48,1880.64,1637.57
26-05-2014,1877,1928.8,1848,1872.95,1823.06,1881.61,1682.48
27-05-2014,1859.1,1872.3,1830.05,1849.05,1821.91,1878.55,1775.4
28-05-2014,1849.05,1875,1825.25,1859.9,1823.61,1884.55,1803.48
29-05-2014,1859,1893.4,1850.5,1865.7,1823.61,1889.45,1803.48
30-05-2014,1869,1869,1824,1836.15,1822.36,1886.14,1803.48
02-06-2014,1832.25,1907,1822.55,1900.85,1820.91,1888.65,1820.91
03-06-2014,1909.9,1924.9,1888,1899.65,1820.91,1898.56,1820.91
04-06-2014,1892,1933,1881.1,1924.7,1855.6,1911.22,1820.91
05-06-2014,1925,1950,1917,1946.35,1871.43,1925.1,1820.91
06-06-2014,1955.4,1983.5,1945.1,1973.6,1898.25,1950.64,1820.91
09-06-2014,1985,1989.6,1960.9,1967.25,1917.92,1961.3,1820.91
10-06-2014,1968,1969.35,1925.3,1932.5,1926.41,1991.39,1820.91
11-06-2014,1936.05,1968.5,1928,1940.8,1932.44,1972.88,1879.41
12-06-2014,1924,1928,1892.45,1902.75,1970.27,1924.82,1879.41
13-06-2014,1899,1907.9,1810.7,1818,1943.88,1891.23,1991.39
16-06-2014,1812,1822,1750,1773.1,1918.2,1848.43,1991.39
17-06-2014,1770,1848,1760.55,1839.6,1892.07,1822.19,1991.39
18-06-2014,1845,1875.9,1823.05,1848.5,1874.4,1758.97,1971.12
19-06-2014,1852.1,1867,1826.3,1841.8,1862.54,1789.21,1970.27
20-06-2014,1830,1883.7,1828,1866.35,1799.57,1864.61,1929.74
23-06-2014,1862,1889.95,1855.05,1882.95,1823.67,1881.33,1909.62
24-06-2014,1881,1930,1881,1925,1845.63,1895.63,1748.43
25-06-2014,1934,1934,1905,1912.7,1861.23,1906.48,1758.97
26-06-2014,1915.25,1939,1907.7,1927.6,1878.71,1922.11,1821.41
27-06-2014,1928.45,1936.7,1900.2,1909.2,1890.51,1930.09,1824.66
30-06-2014,1932,1950,1911,1918.85,1898.49,1939.16,1826.35
01-07-2014,1928,1935.4,1916.4,1920.05,1902.44,1936.85,1853.38
02-07-2014,1940,1941.5,1923.25,1926.85,1906.26,1938.53,1879.31
03-07-2014,1937,1947.7,1912.9,1925.7,1906.12,1939.09,1898.49
04-07-2014,1925,1948,1917.2,1935.9,1911.18,1943.02,1898.49
07-07-2014,1937.5,1942.15,1915.05,1923,1912.8,1942.26,1898.49
08-07-2014,1923.8,1927,1852,1888.25,1943.9,1900.54,1951.76
09-07-2014,1879.9,1911.9,1864.3,1873.6,1934.07,1887.57,1949.75
10-07-2014,1875.1,1938.6,1825.05,1862.05,1940.34,1867.99,1949.75
11-07-2014,1860.1,1875.2,1807.6,1816.65,1940.34,1842.36,1949.75
14-07-2014,1817.8,1860.85,1807.3,1846.6,1898.05,1823.24,1949.75
15-07-2014,1854.85,1903.45,1852,1898.9,1805.67,1896.33,1943.9
16-07-2014,1932.4,1975,1906.05,1963.8,1839.6,1914,1805.67
17-07-2014,1970,1971,1946.2,1954.2,1865.86,1922.54,1805.67
18-07-2014,1945,2009.85,1932.5,1995.8,1896.61,1956.08,1805.67
21-07-2014,2014,2038,2002.6,2023.35,1924.02,1990.28,1805.67
22-07-2014,2034.4,2035.65,2002.2,2016.3,1954.86,2013.57,1805.67
23-07-2014,2018.8,2043.05,1984,2000.05,1972.68,2044.89,1850.33
24-07-2014,2000,2010.9,1982.5,1996.7,1980.52,2044.89,1904.33
25-07-2014,1999,2009,1971.35,1985.75,1984.41,2026.81,1930.76
28-07-2014,403.45,407.35,393.6,395.35,2010.81,1661.81,2044.89
30-07-2014,399.9,403.7,392.15,401.7,1682.5,406.98,2044.89
31-07-2014,402,403.35,390.05,391.65,1358.8,403.34,2044.89
01-08-2014,388,397,384.9,387,1036.14,402.99,2044.89
04-08-2014,391.7,394.25,387.2,390.85,714.87,387.87,2012.71
05-08-2014,392.5,395.5,386.85,392.95,500.74,387.44,2010.81
06-08-2014,392,392.05,382.2,383.2,395.86,384.42,407.72
07-08-2014,380.05,386.55,380.05,381.1,392.4,382.81,404.06
08-08-2014,375,377.3,369.05,371,388.63,379.87,403.71
11-08-2014,374,377.9,372.6,376.75,385.54,377.14,397.36
12-08-2014,377,383.15,374.55,381.85,383.23,372.26,395.86
13-08-2014,378.15,380.65,372,373.9,381.15,371.67,395.86
14-08-2014,373.5,379.45,371,377.8,380.36,370.67,392.4
18-08-2014,377.8,396.5,375.85,394.7,370.67,385.63,368.72
19-08-2014,397.3,401.9,395.25,397.85,375.51,390.14,368.72
20-08-2014,398.4,398.9,392.35,394.2,381.82,392.7,370.67
21-08-2014,394.8,402.15,393.1,398.65,386.49,397.47,370.67
22-08-2014,400,405,400,402.8,391.58,402.28,370.67
25-08-2014,402.5,407.35,397.7,398.75,394.71,402.81,370.67
26-08-2014,391,400.25,390,397.6,394.09,407.72,375.51
27-08-2014,399.05,402.55,396.65,398.75,395.02,403.71,389.65
28-08-2014,399.5,401.9,392.15,397.25,394.73,403.56,389.65
01-09-2014,398.95,406.9,397.5,405.4,391.8,404.32,389.65
02-09-2014,407,411.8,406.3,409.25,396.86,405.74,389.65
03-09-2014,411,414.9,408.1,413.7,400.44,408.64,389.65
04-09-2014,411.4,417.35,409,416.4,403.45,412.15,389.65
05-09-2014,416,419.25,413.7,415.95,407.48,415.52,391.8
08-09-2014,417.65,423.45,414.75,420.75,410.85,418.63,391.8
09-09-2014,420.7,422,415.75,418.7,412.74,420.62,397.14
10-09-2014,419,419,414.55,416.5,413.7,421.11,405.93
11-09-2014,418.4,423.8,416.15,418.5,414.18,421.77,407.73
12-09-2014,418,419.75,414.15,416.95,413.78,421.94,408.63
15-09-2014,414.9,414.9,409.7,411.65,420.13,413.34,409.33
16-09-2014,411,414,397.35,399.15,417.48,408.82,424.18
17-09-2014,401,402.7,395.65,397.95,414.37,404.92,424.18
18-09-2014,395.6,406.4,393.8,405.3,411.49,401.34,424.18
19-09-2014,407.7,410.9,398.2,407.65,410.14,393.45,424.18
22-09-2014,403.8,412,402.05,408.2,409.8,397.28,420.13
23-09-2014,407,409.65,398.1,399.1,409.16,397.67,415.27
24-09-2014,399,400.9,393.15,397,410.02,397.33,414.37
25-09-2014,394.5,395.35,375.25,377.85,405.06,391.93,412.37
26-09-2014,375,391.8,370.25,389.55,401.96,387.07,412.37
29-09-2014,391.7,391.7,384.5,386.05,397.47,383.13,412.37
30-09-2014,385,385.65,376.45,377.7,392.85,379,412.37
01-10-2014,375.6,381.5,374,379.95,389.27,375.47,410.02
07-10-2014,377.5,384.95,372.3,373.6,387.51,375.2,401.26
08-10-2014,372.75,380.25,372.35,379,385.3,374.85,395.71
09-10-2014,381,389.8,381,387.4,372.01,384.58,392.15
10-10-2014,384,384.25,377.55,379.2,375.13,384.52,392.05
13-10-2014,375.95,389,373,386.9,372.66,386.51,390.15
14-10-2014,389.2,400.7,387.55,397.1,372.66,390.73,371.96
16-10-2014,395,402.45,390.25,393.65,382.39,394.46,371.96
17-10-2014,395.9,405,394.55,401.6,385.07,397.48,372.01
20-10-2014,413.85,419.4,410,417.85,392.2,405.16,372.66
21-10-2014,419,424.8,418,423.05,398.17,411.76,372.66
22-10-2014,427,427.9,419.75,424.45,405.06,418.38,372.66
23-10-2014,427,427,423,423.75,411.53,422,387.2
27-10-2014,424.6,428.95,420.35,426.8,417.06,426.84,389.9
28-10-2014,427.2,430.6,422.6,424.2,419.97,428.34,394.19
29-10-2014,426.95,429,422.5,425.55,421.12,428.93,409.63
30-10-2014,425,431.3,422,430.2,421.62,430,417.62
31-10-2014,432,440.4,431.75,439.4,421.62,433.3,419.37
03-11-2014,442,447,437.4,445.25,427.84,437.03,419.97
05-11-2014,445.25,460.75,443.65,457.95,432.64,444.15,419.97
07-11-2014,461.9,472.4,460.35,469.05,438.49,453.22,421.62
10-11-2014,471,475.4,458.65,460.5,445.62,460.71,421.62
11-11-2014,461,468.7,461,466.7,452.71,466.18,421.62
12-11-2014,469,482.7,466.35,481.15,458.97,473.8,431.36
13-11-2014,483.95,485.9,470.05,473.6,462.9,477.48,437.01
14-11-2014,475,479.75,470.55,476.9,464.81,478.83,443.25
17-11-2014,477.9,477.9,471,475.9,468.34,480.4,458.24
18-11-2014,475.85,479.9,471.2,474,469.93,482.18,458.24
19-11-2014,475.9,475.9,467,470.2,469.01,480.33,460.59
20-11-2014,471,471.7,462.9,466.65,477.43,468.08,462.48
21-11-2014,467.5,482.5,466.1,476.95,478.1,462.48,462.48
24-11-2014,479,482.55,475.3,478.15,465.68,478.73,462.48
25-11-2014,479,479.9,466.65,470.75,466.23,478.6,462.48
26-11-2014,470.9,473.75,464,470.3,463.58,478.53,462.48
27-11-2014,470.25,472.5,462.65,469.4,462.23,479.02,462.23
28-11-2014,471.8,485.8,471.05,481.2,462.23,479.69,462.23
01-12-2014,484.4,493.2,481.15,489.15,469.41,482.19,462.23
02-12-2014,489,494.8,484.5,493,473.76,485.96,462.23
03-12-2014,494,500.7,490.65,499.05,479.34,491.62,462.23
04-12-2014,501.4,502.7,491.2,499.95,484.74,497.82,462.23
05-12-2014,502,506.4,496.5,498.55,489.53,501.18,462.23
08-12-2014,499.95,503,495.5,496.6,491.78,502.53,470.63
09-12-2014,495.95,496,487,488.8,503.45,491.48,480.72
10-12-2014,488.55,496.15,486.5,489.25,500.32,489.92,484.06
11-12-2014,488.8,494.7,480.1,490.5,498.74,487.72,479.67
12-12-2014,491.2,493.55,481.55,483.4,496,484.56,479.67
15-12-2014,480,487.4,475.3,476.75,493.99,480.27,506.86
16-12-2014,475,476.5,465.25,472,489.22,476.43,503.45
17-12-2014,468.35,480.5,464.2,474.85,486.7,472.58,496.6
18-12-2014,483,490,480,487.95,463.78,485.74,496.6
19-12-2014,496.9,496.9,488.3,490.25,474.13,486.65,497.35
22-12-2014,491.4,500.75,486.5,498.3,477.61,490.56,463.78
23-12-2014,501,506,492.55,493.8,482.18,495.58,463.78
24-12-2014,494,497.7,491.2,494.3,487.22,498.67,463.78
26-12-2014,495.75,500,488,494.45,487.56,500.34,463.78
29-12-2014,495,499.6,491.2,494.1,487.56,501.02,479.57
30-12-2014,495.05,499.95,490,498.8,489.56,500.75,486.06
31-12-2014,500.05,505,499,502.4,489.56,501.33,486.06
01-01-2015,502.65,504,499.05,503.05,493.66,502.82,487.56
02-01-2015,503.2,516.9,501.7,514.3,497,506.81,487.56
05-01-2015,516.9,520.4,515.1,517.55,501.25,511.12,487.56
06-01-2015,513.55,513.55,496.75,499.05,520.87,501.95,489.56
07-01-2015,498.8,505.35,494.5,498.65,514.01,500.83,489.56
08-01-2015,506,507,494.65,501.95,512.91,499.9,494.05
09-01-2015,504.9,505.9,487,494.95,509.84,496.09,486.56
12-01-2015,495,503.8,492.15,501.55,507.02,492.01,486.56
13-01-2015,504,511.7,500.3,504.5,512.16,493.33,486.56
14-01-2015,504.5,505.75,494.2,499.6,512.16,493.39,486.56
15-01-2015,523.45,523.95,511.1,514.05,493.76,510.24,486.56
16-01-2015,516.6,521.5,512.6,514.8,501.08,513.26,486.56
19-01-2015,519.45,531.8,516.85,528.95,506.16,519.01,486.56
20-01-2015,532.55,554.7,531.1,551.4,513.64,528.95,491.71
21-01-2015,553,556.8,545.55,547.25,521.48,538.7,493.76
22-01-2015,549.7,567.15,547.8,564.75,530.39,548.78,493.76
23-01-2015,571,577.4,560.3,565.15,540.05,559.78,510.64
27-01-2015,570.9,597.8,567,592.1,550.36,573.67,512.14
28-01-2015,590,599.8,583.45,590.6,560.8,581.42,516.38
29-01-2015,588.95,602,582.1,599.5,570.24,591.99,530.62
30-01-2015,602.75,604.05,583.7,588.1,575.68,597.63,545.06
02-02-2015,586,621,584.4,617.3,582.93,608.8,547.31
03-02-2015,623,625.6,584.5,586.6,582.68,610.61,559.8
04-02-2015,591,592,553.25,558.6,626.16,574.91,626.16
05-02-2015,562.4,578.5,558.6,565.9,601.26,568.87,626.16
06-02-2015,568,571.5,545.75,563.15,596.12,562.66,626.16
09-02-2015,555,569.6,550,553.6,583.06,553.02,626.16
10-02-2015,546.9,569.8,540.5,554.1,574.21,546.54,626.16
11-02-2015,559.35,572.65,555.5,569.25,573.17,549.55,626.16
12-02-2015,573,581.5,564,578.75,551.78,574.65,592.53
13-02-2015,582.15,588.75,576.5,581.1,557.12,577.3,589.28
16-02-2015,583,584,566.1,570.3,560.53,580.38,589.28
18-02-2015,572,574,564,569.5,563.49,581.42,589.28
19-02-2015,574,575.6,553.25,565.25,552.75,581.43,589.28
20-02-2015,566.45,570.8,554,561.5,552.75,578.37,589.28
23-02-2015,563.5,567,546.05,549.05,573.22,554.61,589.28
24-02-2015,549.9,555.7,542,551.8,568.58,550.82,589.28
25-02-2015,554.2,558.6,550.1,553,565.25,547.79,584.53
26-02-2015,552.65,557.65,543.8,552.3,561.76,546,576.12
27-02-2015,555.6,570.35,550.35,567.15,543.31,562.7,576.12
28-02-2015,574,618.9,562.8,612.6,549.85,576.99,541.51
02-03-2015,630,650,628.7,647.55,562.29,596.57,541.51
03-03-2015,649,649,628.55,631.4,580.93,629.12,541.51
04-03-2015,650.9,654.9,608.15,612.75,596.59,655.49,543.31
05-03-2015,613,622,603.5,616.8,606.84,655.49,543.31
09-03-2015,610,610,589.15,591.6,634.83,608.15,549.85
10-03-2015,591.9,594.8,580,585.45,622.43,597.06,562.29
11-03-2015,585.25,592.7,580,583.85,612.17,588.01,579.48
12-03-2015,587.5,593.5,582.7,584.1,602.53,584.89,579.48
13-03-2015,589.5,590.95,564.1,570,594.03,575.48,655.49
16-03-2015,569.5,573.8,559.1,568.6,591.48,570.82,622.56
17-03-2015,574.9,585.8,567.05,580.1,586.78,568.98,610.55
18-03-2015,584.25,585.8,575.75,581.25,586.33,568.53,595.34
19-03-2015,588,595.55,558.5,563.55,596.09,562.43,596.09
20-03-2015,563,564,551.7,556.25,596.09,560.74,596.09
23-03-2015,559.9,562,552.65,555.2,577.41,558.89,596.09
24-03-2015,553.95,566,551.25,558.05,572.88,555.16,596.09
25-03-2015,559.85,567.15,553.9,562.2,569.31,550.96,596.09
26-03-2015,560,561.45,537.5,544.3,567.66,547.87,596.09
27-03-2015,548,551.25,526.1,546.4,562.28,543.99,596.09
30-03-2015,552.5,565.45,549.35,563.55,525.63,564.07,567.66
31-03-2015,567.9,573.5,557.25,560.2,545.02,564.96,574.02
01-04-2015,557.7,572,555.25,569.65,545.87,566.51,574.02
06-04-2015,571.95,571.95,562.1,569.05,551.75,569.58,574.02
07-04-2015,571,573,555,557.85,554.5,572.08,574.02
08-04-2015,561.8,564,551.1,555.9,550.6,570.75,574.02
09-04-2015,560,577,555.1,572.15,550.6,572.95,577.52
10-04-2015,573.4,574.8,565.4,568.05,554.6,572.43,577.52
13-04-2015,570,571.65,562,566,556.61,571.99,577.52
15-04-2015,566.9,573.5,541.35,550.2,574.02,553.74,577.52
16-04-2015,552,556.4,543.05,550.8,574.02,552.49,577.52
17-04-2015,550,550.35,531.8,533.7,563.66,546.04,577.52
20-04-2015,534.1,538.25,507,518.25,556.03,534.06,577.52
21-04-2015,518.25,532.7,516.55,523.2,548.16,524.9,575.32
22-04-2015,526.95,545,520.3,540.1,544.41,516.09,574.02
23-04-2015,543.25,548.7,535.55,538.2,542.2,519.83,574.02
24-04-2015,538,538.25,519.9,527.25,540.52,518.85,556.9
27-04-2015,529.4,540.75,522.35,524.2,540.62,519.43,550.85
28-04-2015,523.9,539.45,519.1,535,542.93,518.63,549.19
29-04-2015,535.9,559.9,535.25,551.95,518.63,545.5,516.09
30-04-2015,563.3,582.4,559,567.8,530.38,552.38,518.63
04-05-2015,571.4,576,562.8,568.35,539.05,560.04,518.63
05-05-2015,569,574.25,562.5,565.85,547.72,567.39,518.63
06-05-2015,564.05,565.9,541.2,543.3,574.77,550.01,518.63
07-05-2015,539.65,544.8,523.3,527.35,566.41,546.14,518.63
08-05-2015,535.75,548,533.5,540.8,559.56,541.44,522.83
11-05-2015,545.5,552,543.1,551.1,555.37,533.02,522.83
12-05-2015,553,553.9,529.9,532.35,554.4,530.67,522.83
13-05-2015,538,564.2,535.2,558.5,529.42,552.56,522.83
14-05-2015,557.4,558.8,547.5,555.85,534.72,556.62,522.83
15-05-2015,558.5,567.3,557,562.05,542.77,560.46,522.83
18-05-2015,563.3,569.85,558.65,567.5,545.84,564,529.42
19-05-2015,566,570.9,558.6,561.45,552.41,568.23,529.42
20-05-2015,562.75,566.85,556.5,558.25,555.03,571.41,529.42
21-05-2015,560,572,560,570.45,557.76,572.51,534.72
22-05-2015,571.3,576.65,563.75,568.65,558.92,577.17,547.01
25-05-2015,568.1,569.75,560.2,562.1,558.41,577.17,556
26-05-2015,563,566.8,558.2,564.25,559.01,570.7,556
27-05-2015,562,579.5,561.25,577.8,557.7,574.68,556
28-05-2015,578.95,585.8,570.4,574.65,560.74,576.39,556
29-05-2015,575.5,587.3,574.7,585.4,565.41,579.32,557.7
01-06-2015,586.9,588.9,577.1,578.45,568.56,582.93,557.7
02-06-2015,582,582.4,548.4,553.1,589.43,564.73,589.43
03-06-2015,553.25,554,538.55,550.9,582.92,559.82,589.43
04-06-2015,560,560,546,556.4,574.45,555.86,589.43
05-06-2015,556,557.25,546.05,548.4,567.41,549.12,589.43
08-06-2015,547,557.5,544,553.6,562.11,543.49,589.43
09-06-2015,552.05,564,550.45,558.7,560.27,543.51,589.43
10-06-2015,558.9,567.7,558.85,564.5,549.34,562.56,582.92
11-06-2015,567.9,570.2,545.05,546.75,570.71,547.24,570.71
12-06-2015,547,552.5,540.8,551.45,570.71,547.27,570.71
15-06-2015,553.9,555,545.35,550.05,561.92,547.14,570.71
16-06-2015,550,553.95,540.05,551.15,560.26,545.42,570.71
17-06-2015,553.1,557.4,547.6,549.25,557.9,542.57,570.71
18-06-2015,551.7,554.8,547.4,550.05,557.9,544.35,570.71
19-06-2015,554,555.4,548.25,551.55,555.9,545.17,570.71
22-06-2015,556.55,575.9,556.55,572.15,547.76,560.73,539.56
23-06-2015,575.6,579.5,566.3,571.3,552.69,565.07,539.56
24-06-2015,572,577.4,567.2,571.5,556.93,569.41,539.56
25-06-2015,568.1,577.9,567.05,570.05,560.67,573.85,546.91
26-06-2015,568.1,569.7,560,565.5,563.15,578.42,546.91
29-06-2015,554,567.3,546,562.7,575.13,561.05,545.51
30-06-2015,561.05,566,553,558.95,572.56,558.54,545.51
01-07-2015,558.8,580.5,556.85,578.65,552.5,574.62,545.51
02-07-2015,580.1,586.65,576.1,584,556.35,577.05,545.51
03-07-2015,581.85,588.5,581,585.95,564.65,580.89,545.51
06-07-2015,575.5,585.8,573.5,584.2,569.95,584.39,545.51
07-07-2015,585.3,590.75,581.35,586.2,572.98,589.44,545.51
08-07-2015,578,585,574.9,576.65,574.38,588.57,552.5
09-07-2015,575.85,577.4,566.4,571.7,586.34,575.23,556.35
10-07-2015,574.2,583,570.8,578.1,585.24,573.19,565.89
13-07-2015,578.1,583.45,570.15,581.95,584.85,572.6,565.89
14-07-2015,582.6,587.65,578.9,583.9,584.29,569.64,565.89
15-07-2015,584.55,589.45,581.5,584,585.42,573.74,565.89
16-07-2015,587.4,613.45,587,608.65,579.01,593.79,565.89
17-07-2015,604.5,609.9,598.5,602.1,584.1,598.74,565.89
20-07-2015,600,603.4,590.3,599.9,587.85,602.45,569.64
21-07-2015,596.6,601,582.75,584.65,604.07,587.57,569.64
22-07-2015,582.85,593.5,579,589.85,605.56,587.75,578.38
23-07-2015,590,598.55,581.4,583.75,600.62,584.68,578.48
24-07-2015,587.65,593.75,575.1,580.45,599.09,579.75,574.58
27-07-2015,577.5,579.45,553.75,555.8,594.28,570.6,610.45
28-07-2015,558.6,564,550.45,561.25,584.59,565.65,603.94
29-07-2015,563.3,568.15,562,567.2,579.32,562.05,601.54
30-07-2015,571.4,575.75,563.1,565.7,576.27,558.73,599.09
31-07-2015,567.7,579.3,567,573.5,579.82,557.69,599.09
03-08-2015,576,582.7,573.4,576.7,583.22,562.87,594.28
04-08-2015,578.9,584.45,571.65,580.1,584.98,566.85,584.98
05-08-2015,582,589.5,576.5,580.4,590.03,569.11,590.03
06-08-2015,580,586.5,578.95,584.75,590.03,573.05,590.03
07-08-2015,584.9,584.9,576,580.3,587.03,574.78,590.03
10-08-2015,582.75,584.7,570.75,575.9,586.47,574.19,590.03
11-08-2015,577.7,580.85,566.35,571.25,585.23,572.54,590.03
12-08-2015,569.4,569.8,556,557.85,581.37,568.12,590.03
13-08-2015,563.5,571.45,560,567.55,577.85,564.31,590.03
14-08-2015,565.15,574.25,554.85,570,576.47,560.82,587.03
17-08-2015,569.75,571.75,560.05,561.4,574.77,558.33,585.43
18-08-2015,567,567.25,555.5,561.35,572.26,556.47,585.23
19-08-2015,560.9,561.75,552.8,554,569.73,556.07,581.37
20-08-2015,550,553,529.5,533.4,564.75,548.69,574.77
21-08-2015,527,528.9,514.3,525.3,556.33,540.35,574.77
24-08-2015,506.7,506.7,475.1,482.05,546.49,522.8,574.77
25-08-2015,489,506.25,483.5,502.95,534.24,506.24,572.26
26-08-2015,499.5,501.9,488.65,495.6,520.83,497.15,567.76
27-08-2015,505.7,512,496.45,509.25,512.71,488.21,562.26
28-08-2015,516,528.9,502.25,508.15,511.23,488.37,553.5
31-08-2015,506.7,517.9,502,507.75,514.36,494.63,529.38
01-09-2015,500,501,477.15,480.1,518.37,491.09,529.38
02-09-2015,483.05,488,464.6,466.6,506.91,484.95,529.38
03-09-2015,471,489.5,468.75,486.9,502.78,479.78,529.38
04-09-2015,483.1,483.4,462.5,468,494,472.17,529.38
07-09-2015,469.65,472.2,446.75,449.85,483.86,460.14,529.38
08-09-2015,452.25,475.6,450,473.9,481.45,457.39,518.37
09-09-2015,484.2,495,475.1,486.25,449.6,484.31,501.45
10-09-2015,477.8,487,472.1,482.6,460.98,483.18,495.45
11-09-2015,488,493.7,474.6,481.25,463.67,485.51,495.45
14-09-2015,480,498,479.25,496.2,472.45,492.97,446.35
15-09-2015,497.1,498.5,480.85,482.75,476.22,495.15,446.35
16-09-2015,487.45,497,486,494.25,478.6,495.76,449.6
18-09-2015,500,520.4,500,517.45,484.74,503.01,471.68
21-09-2015,510.55,530,508.75,528,493.1,511.81,471.68
22-09-2015,531,534.7,505.2,509.7,495.91,516.78,474.17
23-09-2015,498.75,514.85,497.1,511.7,496.65,521.74,478.82
24-09-2015,510,518.2,506.2,513.95,496.65,525.85,480.42
28-09-2015,514.5,522,505,506.7,503.87,524.29,485.56
29-09-2015,499.9,513.5,485,504.5,498.67,522.47,484.56
30-09-2015,508.8,510,491.5,495.65,516.28,496.62,484.56
01-10-2015,500,503.45,490.9,496.25,513.11,494.5,484.56
05-10-2015,504.5,514.9,501.55,513.25,490.46,512.89,484.56
06-10-2015,517.35,518.55,505,506.4,494.19,512.39,484.56
07-10-2015,503.25,509.8,495,496.8,494.75,519.02,484.56
08-10-2015,500,500.45,484.2,491.5,510.26,493.86,483.76
09-10-2015,495,499.25,486.75,490.45,507.8,492.81,483.76
12-10-2015,497.8,497.8,485.1,487.05,503.12,488.27,483.76
13-10-2015,487,492.1,485,490.9,498.86,485.3,483.76
14-10-2015,489.7,496.8,488.05,495.5,497.41,485.07,483.76
15-10-2015,497,502,495.55,498.7,487.44,497.82,483.76
16-10-2015,494.5,507.5,491.4,504.65,489.4,500.51,483.76
19-10-2015,502,508.8,501.15,506.65,490.96,503.52,484.56
20-10-2015,504.6,513.3,504.6,509.4,497.08,507.51,484.56
21-10-2015,509.3,514.75,505,511.75,500.31,510.95,484.56
23-10-2015,515.25,527.5,515.25,525.65,504.55,516.63,487.61
26-10-2015,528.85,532.7,519.2,521.05,509.03,520.33,490.96
27-10-2015,517.25,528.5,515.65,521.8,511.67,524.01,490.96
28-10-2015,495.7,495.7,476.55,482.9,528.98,505.57,533.18
29-10-2015,485,486.4,467.05,468.95,513.03,495.25,533.18
30-10-2015,472,478.4,465,475.4,504.76,485.96,533.18
02-11-2015,477.8,479.85,473.1,478.25,495.86,478.27,533.18
03-11-2015,481,483.5,473.35,474.65,486.4,469.35,533.18
04-11-2015,480,480.1,470.6,472.5,483.94,468.21,528.98
05-11-2015,472,472,462,463.8,480.53,467.81,496.15
06-11-2015,462,467.5,459.5,465.15,476.16,466.44,486.84
09-11-2015,453,467,445.9,464.95,474.49,461.9,483.94
10-11-2015,463,473.5,462.25,468.35,473.06,445.5,483.94
11-11-2015,474.5,482.4,473,480.35,461.46,474.25,483.94
13-11-2015,475.4,487.2,472.3,484.95,464.63,478.41,445.5
16-11-2015,484,485,477,481.45,467.97,481.76,445.5
17-11-2015,484.75,485,473.05,475.6,471.81,483.77,445.5
18-11-2015,474.7,476.7,462.2,463.55,485.44,470.95,445.5
19-11-2015,468,468,460.1,463.05,480.19,467.89,459.69
20-11-2015,462.95,465.35,458.25,459.85,474.86,464.13,457.84
23-11-2015,461,464.25,458.7,462.7,470.81,460.57,457.84
24-11-2015,462.85,466.95,462.7,463.85,467.52,458.83,457.84
26-11-2015,465.1,468.55,464.5,465.3,468.97,459.91,457.84
27-11-2015,467,475.4,466.1,471,461.28,468.16,457.84
30-11-2015,469.25,474.4,468.1,469.15,463.23,469.96,457.84
01-12-2015,471,471.35,458.15,461.6,474.83,462.53,457.74
02-12-2015,462.25,463.4,457.25,459.5,471.77,461.46,456.84
03-12-2015,460,465.35,458.65,462.5,469.69,460.53,456.84
04-12-2015,459.9,462.8,456.1,460.5,467.28,458.63,455.69
07-12-2015,462.95,465.55,460.3,462.3,465.97,457.27,455.69
08-12-2015,460,462.95,457.5,458.8,465.97,457.37,455.69
09-12-2015,457.05,461.1,448,450.6,463.37,455.11,471.77
10-12-2015,452,454.6,445.1,449.95,461.51,452.35,465.97
11-12-2015,449.95,450.8,436.55,440.65,458.22,447.9,465.97
14-12-2015,432,441.45,429.5,431.35,452.93,441.28,465.97
15-12-2015,432,436.9,429.65,436.1,448.28,436.28,465.97
16-12-2015,437,441.9,434,438.15,444.99,434.03,463.37
17-12-2015,442,443.65,431.45,435.55,444.05,431.03,461.51
18-12-2015,434.3,440.8,431.1,432.55,444.05,429.89,455.01
21-12-2015,432.55,443.2,432.15,442.35,443.6,431.59,451.21
22-12-2015,442.9,450.65,441.6,446.7,431.76,444.45,451.06
23-12-2015,450,452.7,448.2,452,436.69,446.79,429.26
24-12-2015,452.8,455.25,448.45,450.75,440.21,449.23,430.71
28-12-2015,450,456.6,448.4,455.35,444.5,453.23,430.71
29-12-2015,455.4,459.9,451.2,458.35,448,456.32,430.71
30-12-2015,458,460,453.6,455.1,450.15,457.89,431.76
31-12-2015,456,456,448.2,449.1,460.41,449.55,441.2
01-01-2016,449.75,452.9,445.55,449.9,457.71,449.2,445.15
04-01-2016,448.9,448.9,436.15,438.4,455.24,445.83,460.41
05-01-2016,439.9,439.9,433.6,436.45,450.82,441.9,460.41
06-01-2016,439.3,439.3,430,430.7,446.71,436.88,460.41
07-01-2016,425,425.15,407,409.25,441.38,428.14,460.41
08-01-2016,413.5,418.75,410,413.7,435.01,420.85,456.41
11-01-2016,410,423.4,407.4,417.2,428.49,415.9,453.31
12-01-2016,419.8,420.65,401,406.1,423.91,408.8,449.3
13-01-2016,410,411.45,392.45,406.7,421.03,402.45,440.3
14-01-2016,394.8,402,388.75,390.6,415.14,399.08,439.7
15-01-2016,392.45,395.85,369,374.25,409.55,389.89,425.53
18-01-2016,372.25,383.35,366.75,373.2,401.05,381.28,423.78
19-01-2016,376,396,376,393,397.68,377.84,423.78
20-01-2016,385.6,393.4,374.65,387.6,396.36,374.13,421.03
21-01-2016,400,412.45,397.7,409.15,374.31,397.18,412.82
22-01-2016,419.4,427.65,414.6,424.15,387.7,405.04,366.42
25-01-2016,429.75,429.75,415.2,420.85,395.65,414.97,366.42
27-01-2016,424.1,426.5,411.6,415.4,403.11,419.05,366.42
28-01-2016,416,416.9,402.4,405.65,407.64,426.88,374.31
29-01-2016,396,409.8,393.25,408.4,407.13,422.58,374.31
01-02-2016,410,410.35,394.5,399.3,418.3,402.29,392.9
02-02-2016,399,404.45,388.6,390.9,412.7,396.44,430.14
03-02-2016,387,390,379.15,380.55,405.34,389.91,430.14
04-02-2016,385.75,386.6,373.35,382.75,400.18,385.01,426.88
05-02-2016,384.7,405,384.25,399.55,398.96,373.01,417.28
08-02-2016,401,417.95,401,408.55,383.9,400.78,418.33
09-02-2016,401,405.9,396,399.9,386.63,401.68,418.33
10-02-2016,397.9,398,385.35,393.6,388.66,406.27,418.33
11-02-2016,392.9,396.75,373.3,377.2,404.69,387.24,418.33
12-02-2016,389.4,395.95,379.1,391.1,402.7,386.03,418.33
15-02-2016,395.65,420,395.65,417.65,378.76,404.54,420.38
16-02-2016,420.8,422.5,405,405.8,387.27,406.95,422.88
17-02-2016,406.9,406.9,394.75,403.1,389.2,408.77,422.88
18-02-2016,410.2,412.1,391.6,398.05,391.25,412.38,422.88
19-02-2016,395.6,396.9,390,392.5,389.65,411.97,422.88
22-02-2016,395,398.75,391.05,397.15,389.65,406.71,422.88
23-02-2016,397.9,397.9,383.25,385.15,402.12,389.03,422.88
24-02-2016,385,391,377.25,386.65,398.97,385.56,422.88
25-02-2016,386.1,387.8,377.45,378.2,394.02,382.65,412.47
26-02-2016,385,390.3,382.15,386.35,392.84,381.23,412.47
29-02-2016,387,391.65,374,375.75,392,376.58,399.11
01-03-2016,380.1,393.2,380.1,392,373.66,390.67,399.11
02-03-2016,400,411.8,400,407.25,379.76,394.68,373.66
03-03-2016,411.35,419,407.1,417.15,388.83,402.06,373.66
04-03-2016,418.15,418.15,409.25,416.05,394.54,407.94,373.66
08-03-2016,415.6,423.05,408.8,411.75,401.22,414.61,373.66
09-03-2016,409,418.2,407.5,416.85,407.09,419.43,373.66
10-03-2016,417.5,420,410.6,413,407.13,420.59,379.76
11-03-2016,413.85,421.95,408.25,412.8,407.88,420.32,399.64
14-03-2016,417.6,422.25,413.1,415.45,407.88,420.53,406.73
15-03-2016,417.5,421.75,416.1,418.85,410.35,420.82,407.13
16-03-2016,419,426.35,411,424.6,410.63,422.71,407.13
17-03-2016,430,435,425.5,428.15,410.63,425.74,407.13
18-03-2016,429.95,437.6,429.1,436.1,419.15,429.55,407.88
21-03-2016,439,445.5,437.9,444.5,424.44,434.87,407.88
22-03-2016,447,447.6,434.3,441.25,428.46,440.1,410.63
23-03-2016,439.25,441.25,435.1,437.5,432.4,442.2,410.63
28-03-2016,437.85,438.6,419.8,422.9,442.36,430.7,410.63
29-03-2016,423.9,432.9,422.4,429.45,441.29,429.24,419.42
30-03-2016,433.3,445.7,432.1,444.25,422.02,441.67,419.42
31-03-2016,443.7,449,438.2,444.15,429.23,441.98,419.42
01-04-2016,440.9,452,440.05,449.9,430.83,444.74,419.42
04-04-2016,451.5,451.55,442.1,444.75,435.84,447.9,419.42
05-04-2016,443.4,449.5,431,432.6,451.96,436.3,419.42
06-04-2016,433.3,436.3,423.1,424.65,449.9,433.12,422.02
07-04-2016,427.75,431.8,424.9,426.65,442.95,430.16,422.72
08-04-2016,426.7,427.35,420.05,421.6,437.22,425.37,452.41
11-04-2016,423.9,431.9,417.5,429.8,434.24,421.41,452.41
12-04-2016,430.5,436.45,429.4,434.05,432.8,417.12,451.96
13-04-2016,440.05,445.3,438.1,440.5,425.77,435.11,449.9
18-04-2016,444.95,446.05,437.4,445.25,428.96,438.66,446.45
20-04-2016,446.1,460.65,444.35,459.1,434.49,446.49,417.12
21-04-2016,463.8,472.75,463,467.95,440.37,454,417.12
22-04-2016,465.6,478.5,462.1,475.85,447.84,463.01,417.12
25-04-2016,474,477.35,465,469.9,455.16,469.41,429.01
26-04-2016,470.1,484.9,463.65,480.2,461.45,477.51,437.01
27-04-2016,461.3,473.5,458.05,465.5,457.64,479.16,437.01
28-04-2016,463,471.85,461.55,468.05,457.64,479.15,443.95
29-04-2016,466.75,477.45,465.05,472.4,461.13,478.36,457.64
02-05-2016,474.35,479,468.45,471.8,463.76,478.6,457.64
03-05-2016,473.9,475,466.3,470.55,463.49,475.81,457.64
04-05-2016,466,470,460.25,462.45,475.43,463.61,457.64
05-05-2016,463,467.3,458.45,461.05,473.46,462.57,457.64
06-05-2016,461,464.05,459,461.45,470.61,461.19,458.04
09-05-2016,465.8,478,461.65,477.1,458.59,471.64,458.04
10-05-2016,479,489,478.15,487.95,461.23,475.04,458.04
11-05-2016,482.6,499.35,480.25,498.2,469.5,482.39,458.04
12-05-2016,498.6,506.9,490.6,492.55,475.13,489.74,458.04
13-05-2016,493.7,496.2,486.5,490.65,480.75,496.09,458.04
16-05-2016,492,493.65,477.25,486.45,483.03,498.38,458.59
17-05-2016,490.7,505.5,490.3,503.35,476.82,501.83,461.23
18-05-2016,498.5,503,495.25,501.1,487.74,501.7,476.82
19-05-2016,501.75,501.75,489,490.5,487.6,500.85,476.82
20-05-2016,493.95,495.7,488.1,490.6,487.66,500.67,476.82
23-05-2016,495.4,495.4,485,486.5,500.39,488.76,476.82
24-05-2016,483.25,490.95,482,488.95,497.08,486.71,476.82
25-05-2016,494,503,493.35,502.15,481.57,497.35,481.57
26-05-2016,502.5,523,500.25,519,490.47,503.24,481.57
27-05-2016,520.25,525,509,512.4,494.21,508.66,481.57
30-05-2016,513.95,522.05,512.5,513.7,499.72,514.02,481.57
31-05-2016,515,518.7,510.7,515.2,505.19,519.31,481.57
01-06-2016,524.85,529.45,510,511.95,506.96,523.03,481.57
02-06-2016,510.5,525,506.75,524.35,506.29,523.58,492.91
03-06-2016,527.15,544.95,527,542.65,506.29,529.08,499.8
06-06-2016,542.1,545,530.3,532.85,516.89,533.51,506.29
07-06-2016,539.1,539.1,526.75,534.4,520.23,537.72,506.29
08-06-2016,536.4,541.45,530.8,539,525.81,541.55,506.29
09-06-2016,542.95,545.9,537.1,542.6,530.32,544.75,506.29
10-06-2016,540,549.15,538.3,541.05,531.9,544.34,506.29
13-06-2016,529.8,534.6,524,531.15,549.64,531.53,523.53
14-06-2016,535.8,535.8,525.5,529.65,542.15,530.95,523.53
15-06-2016,531.9,533.4,522.65,528.8,540.26,529.04,522.18
16-06-2016,528,528.3,516,523.45,536.77,524.85,515.54
17-06-2016,526.9,533.9,524.7,526.9,534.38,522.17,515.54
20-06-2016,515,523.9,514,522.45,534.38,520.39,513.54
21-06-2016,524.5,524.5,515.45,517.4,529.36,518.17,513.54
22-06-2016,517.9,521,513.6,516.2,526.62,516.12,513.14
23-06-2016,518,528,514.8,526.4,527.06,513.14,513.14
24-06-2016,502,511.6,492.8,510.5,528.48,511.42,534.38
27-06-2016,507.4,517.6,507.15,514.45,522.57,509.86,534.38
28-06-2016,515,520.5,512.75,514,521.76,509.31,528.48
29-06-2016,518.5,518.95,514.25,517.85,521.67,509.76,528.48
30-06-2016,522,535.25,521,533.5,511.05,523.17,492.36
01-07-2016,535.8,545.7,535.5,542.9,518.11,529.19,492.36
04-07-2016,545.5,546.95,539.5,543.85,523.02,535.98,492.36
05-07-2016,541.2,546.25,535.25,539.7,529.12,540.24,506.69
07-07-2016,539.2,545.9,535.3,542.25,534.02,545.69,512.29
08-07-2016,541,548.5,540,546.45,534.82,547.92,513.79
11-07-2016,551.65,553,541.55,544.4,537.91,548.69,520.53
12-07-2016,550,562.1,549.15,561,540.47,552.35,534.77
13-07-2016,563.7,563.7,551.1,556.85,543.7,555.91,534.77
14-07-2016,555.75,561.7,553.6,560.25,547.49,559.2,534.77
15-07-2016,556.15,570.45,556,565.05,550.63,563.55,534.82
18-07-2016,570,576.8,569,571,555.5,568.44,539.51
19-07-2016,570.7,573.85,563.85,565.45,558.02,569.62,541.06
20-07-2016,563.3,567.85,555.85,558.25,558.56,574.37,548.66
21-07-2016,557.9,557.9,535.55,538.05,568.36,553.45,577.32
22-07-2016,537.95,545.3,532.9,537.7,562.32,548.41,577.32
25-07-2016,518.5,540,518.5,538.1,556.38,539.75,577.32
26-07-2016,539.7,559.2,535.45,553.8,554.77,518.03,577.32
27-07-2016,553.85,558.1,543.45,548.85,553.04,533.13,574.37
28-07-2016,548.1,553.35,538.05,543.85,553.04,534.54,568.36
29-07-2016,542.5,551.8,542.5,546.15,554.4,536.51,559.7
01-08-2016,546.25,557.7,546.25,550.55,556.57,540.69,559.7
02-08-2016,552,555.6,547.1,549.65,554.76,541.93,559.7
03-08-2016,549.65,552.95,540.85,549.35,554.31,540.36,559.7
04-08-2016,551.9,556,544.65,547.5,554.71,540.36,558.6
05-08-2016,552.4,569,550.55,567.25,544.16,559.28,537.57
08-08-2016,568.45,572.4,565.25,571.15,550.05,562.73,540.36
09-08-2016,570.5,576,566.7,574.1,554.72,567.4,540.36
10-08-2016,574.05,575.3,563,567.9,558.66,571.38,540.36
11-08-2016,564.25,574.9,564.25,569.75,562.49,575.57,540.36
12-08-2016,569.85,593.2,569.8,591,563.74,580.68,544.16
16-08-2016,593.95,593.95,580,583.3,569.24,584.2,550.05
17-08-2016,588.2,598,585.2,589.5,572.29,587.95,562.49
18-08-2016,591.1,597.3,590.8,593.15,577.89,592.4,562.49
19-08-2016,595.4,597.6,586.1,588.55,581.79,596.48,562.49
22-08-2016,589.9,589.95,579.4,580.25,598.14,581.86,563.74
23-08-2016,581.25,585,580.1,582.5,592.67,582.36,569.29
24-08-2016,584.85,584.85,578.65,583.4,590.53,581.55,578.13
25-08-2016,586.8,594,585,586.55,589.6,578.13,578.13
26-08-2016,586.5,589,580.3,586.4,588.55,579.63,578.13
29-08-2016,586.4,597,586,589.15,579.78,590.24,578.13
30-08-2016,592,599.25,588.55,591.15,582.56,592.73,578.13
31-08-2016,591.5,603.85,580.7,596.85,580.18,596.93,578.13
01-09-2016,597.05,603,592,596.65,580.18,599.01,578.13
02-09-2016,597.7,602,594.25,599.2,587.73,601.52,579.78
06-09-2016,602.5,637.8,602.5,635.9,593.44,612.1,579.78
07-09-2016,637.75,638.3,622.5,625.1,599.88,619.58,580.18
08-09-2016,626,634,619.75,629.35,607.41,625.34,580.18
09-09-2016,615.1,624.7,611.7,613.1,610.78,634.57,580.18
12-09-2016,597.8,601.85,588.4,592.1,628.54,609.06,587.87
14-09-2016,593,604.65,590.45,601.8,620.36,604.11,587.87
15-09-2016,601.05,603,583.3,588.75,613.42,597.41,582.78
16-09-2016,592.25,612.4,592.25,602.2,612.95,591.57,582.78
19-09-2016,603,606,592.85,594.35,612.95,587.8,582.78
20-09-2016,598.8,599,589.15,592.95,606.55,588.21,582.78
21-09-2016,596.5,600.35,594.5,598.9,603.46,588.65,582.78
22-09-2016,610,612,590,591.8,612.55,589.35,582.78
23-09-2016,595.6,596.1,555.7,557.45,612.55,579.6,612.95
26-09-2016,559.1,560,545.3,547.4,596.64,570.08,612.95
27-09-2016,551,554.25,538.7,541,581.89,559.42,612.55
28-09-2016,543.15,550.65,540.5,549.1,572.09,548.9,612.55
29-09-2016,554.45,554.85,523.45,539.3,561.49,536.85,612.55
30-09-2016,535,547.15,530.6,541.35,555.35,534.62,612.55
03-10-2016,542.95,552.3,542.9,550.9,552.87,535.28,596.64
04-10-2016,553,553.35,541,546.6,553.85,536.39,560.5
05-10-2016,550,550.65,533.25,535.7,553.85,533.64,555.35
06-10-2016,531.7,535,524.05,530.8,551.15,533.91,555.35
07-10-2016,530,539.4,530,533.85,546.22,533.35,555.35
10-10-2016,538,538.75,530.3,531.55,542.67,529.99,553.85
13-10-2016,529,529.9,513.2,518.8,539.23,524.15,553.85
14-10-2016,521,525,516.8,520.65,533.35,521.66,553.85
17-10-2016,524.15,533.8,517.1,519,534.28,519.24,551.15
18-10-2016,523.9,534.05,518.4,532.45,534.53,517.87,539.89
19-10-2016,535.65,542,529.1,535.55,517.93,533,542.49
20-10-2016,537.1,544.85,536,540.05,522.9,536.31,545.34
21-10-2016,538.7,539.2,524.2,526.1,523.66,545.34,545.34
24-10-2016,529.45,530,517.55,521.55,539.69,524.31,545.34
25-10-2016,520.9,531.5,520.1,529.1,537.34,524.26,545.34
26-10-2016,499,502,484.5,487.55,531.98,514.59,545.34
27-10-2016,485,489.6,477.3,485.65,521.49,501.55,545.34
28-10-2016,486.9,494,484.55,486.9,512.04,493.56,545.34
30-10-2016,490,491,486.2,487.7,503.23,489.63,539.69
01-11-2016,488.05,488.05,474.45,475.8,494.99,479.34,531.98
02-11-2016,469.8,480.5,468.1,476.8,488.53,477.15,531.98
03-11-2016,475.5,479.8,473.65,475.85,486.16,476.01,502.45
04-11-2016,474.4,485.7,474.2,478.7,486.14,474.1,494.44
07-11-2016,484.75,489.45,482.05,485.4,489.89,473.34,494.44
08-11-2016,487.05,492.45,483.25,490.85,476.22,486.42,492.89
09-11-2016,459,493.95,458.95,487.55,458.54,490.26,494.39
10-11-2016,494,513.6,494,506.95,458.54,497.56,458.54
11-11-2016,505,512.7,495,498.75,483.79,502.46,458.54
15-11-2016,498,503,476.75,479.3,513.16,481.37,458.54
16-11-2016,486.85,487.35,470.1,472.7,503.45,477.54,458.54
17-11-2016,474.35,484.4,471.35,474.1,497.68,478.03,458.54
18-11-2016,478,478.9,472,473.45,490.05,472.95,458.54
21-11-2016,475.9,476.5,463.05,465.7,483.08,466.7,462.63
22-11-2016,468.05,475.5,458.05,470.75,479.37,464.9,457.64
23-11-2016,475,482.55,469.15,480.5,457.64,479.84,457.64
24-11-2016,479.7,479.7,466.05,468.2,464.96,478.78,457.64
25-11-2016,472.25,473,465.3,471.2,464.16,478.14,457.64
28-11-2016,464,477.6,461.15,472.9,460.73,479.37,457.64
29-11-2016,473,475.6,463,464.65,460.73,478.24,457.64
30-11-2016,465,471,462.05,469.85,461.63,475.75,457.64
01-12-2016,474,474.45,464.3,466.05,461.63,474.88,460.73
02-12-2016,466.9,466.9,458,459.95,474.88,460.8,480.13
05-12-2016,457.7,464.7,455.8,460.75,470.07,459.33,478.03
06-12-2016,461.8,463.2,454.35,455.95,467.83,457.84,478.03
07-12-2016,457.85,457.85,441.25,447.1,464.42,452.92,476.03
08-12-2016,449.9,452.85,447.4,449.35,460.44,449.88,474.88
09-12-2016,451.7,458,445.55,456.4,459.61,448.34,474.88
12-12-2016,445,452,444.1,445.1,458.41,445.55,467.32
13-12-2016,445.8,454.45,442.3,452.95,455.84,444.12,465.12
14-12-2016,454.65,469.8,454,467.2,441.9,459.27,440.85
15-12-2016,459.1,479.4,459.1,478.1,451.32,465.87,440.85
16-12-2016,479.5,480.7,468.7,472.8,455.08,469.54,441.9
19-12-2016,469.5,472.75,466.45,467.6,459.67,473.82,441.9
20-12-2016,469,469.7,460.45,461.65,462.23,475.81,441.9
21-12-2016,463.55,465.8,455.1,457.7,473.93,461.38,441.9
22-12-2016,455.8,455.8,445.05,447.55,467.64,457.01,444.65
23-12-2016,448,449.35,436,438.1,462.51,450.12,481.13
26-12-2016,435.1,435.85,427,432,456.31,442.58,481.13
27-12-2016,431.1,438.9,431.1,437.65,449.76,437.53,473.18
28-12-2016,439.7,448.25,438,440.05,445.06,430.71,470.12
29-12-2016,442,445.9,437.7,444.25,443.79,433.31,466.22
30-12-2016,445.5,452.2,445.05,449.95,435.9,445.14,456.21
02-01-2017,451.4,452,441.25,447.75,438.82,448.45,452.61
03-01-2017,449.6,457.8,443.5,455.25,440.85,452.49,426.62
04-01-2017,455,460,451.95,453.1,443.1,454.87,430.71
05-01-2017,454.6,463.9,453.25,458.05,447.08,458.08,437.31
06-01-2017,459.7,461.8,454.05,455.2,448.34,459.46,437.31
09-01-2017,456.9,459.35,451.55,452.75,449.89,462.22,440.85
10-01-2017,455.5,456.05,424.4,447.35,460.41,446.41,424.02
11-01-2017,451.85,457.55,448.2,453.6,460.4,446.14,424.02
12-01-2017,454.2,461.4,452.6,455.2,461.82,445.84,424.02
13-01-2017,457,475.2,455.2,472.8,447.45,463.79,424.02
16-01-2017,472.5,480.5,468.3,477.25,451.53,468.76,424.02
17-01-2017,477.3,488.2,476.95,487.2,460.42,474.86,424.02
18-01-2017,487.15,491.7,483.25,488.5,466.89,481.74,424.02
19-01-2017,486.7,487.9,479.3,483.8,473.79,487.31,447.8
20-01-2017,458,461.4,448,450.75,488.34,471.37,447.6
23-01-2017,445.25,448.95,441.1,445,476.31,460.98,492.14
24-01-2017,447.8,452.55,445.3,451.25,470.53,452.14,492.14
25-01-2017,452,465.1,452,463.55,464.37,444.9,492.14
27-01-2017,465.25,478.85,465.25,472.85,450.48,462.34,492.14
30-01-2017,472,476.6,470.85,471.9,455.33,465.67,488.34
31-01-2017,472,472,464.3,466,459.68,470,479.28
01-02-2017,467.75,479.9,460,475.65,459.59,475.92,480.33
02-02-2017,476.25,486,473.35,482.55,459.59,479.82,444.9
03-02-2017,483.7,492.5,480.15,490.7,470.5,483.03,451.59
06-02-2017,494.75,500.2,492,498.3,475.27,488.29,459.59
07-02-2017,498.4,499.7,490.6,493.4,480.57,493.89,459.59
08-02-2017,492.4,492.7,481.85,487.6,484.22,500.15,459.59
09-02-2017,491,494.55,482.95,485.25,485.29,496.6,459.59
10-02-2017,489.75,492.5,486.2,488.9,485.86,495.95,472.92
13-02-2017,492.7,493.85,486.75,490.3,484.52,494.39,479.72
14-02-2017,490.3,491.45,482.1,486.9,483.07,494.29,481.42
15-02-2017,488,493.45,483.8,488.2,483.36,493.89,481.42
16-02-2017,487.7,494.35,486.55,493.15,484.9,494.79,481.42
17-02-2017,501,504,487.4,489.1,484.32,504.45,481.67
20-02-2017,489.4,490.65,479.65,481.05,504.45,482.36,504.45
21-02-2017,481.9,509.05,481.2,504.35,498.86,479.22,509.51
22-02-2017,508.5,528.05,507.8,525.3,480.77,506.82,479.22
23-02-2017,525,530,518.05,528.15,495.71,514.15,479.22
27-02-2017,527.9,527.9,507.3,508.95,499.41,518.66,479.22
28-02-2017,509.4,512.5,504.6,506.65,504.69,528.38,479.22
01-03-2017,511,522,510.15,513.4,508.89,524.33,479.22
02-03-2017,515.1,519.8,503.7,506.3,522.47,506.36,480.77
03-03-2017,507.25,515,506.25,512.9,520.27,503.76,503.25
06-03-2017,514.7,520.8,512.3,518.65,521.27,506.19,503.25
07-03-2017,519,519.9,509.25,511.8,521.27,507,503.25
08-03-2017,504.6,512.8,500.25,510.15,520.37,505.86,499.8
09-03-2017,509.6,519.55,506.5,516.4,520.02,507.6,499.8
10-03-2017,519.2,520,513,515.9,520.47,508.57,499.8
14-03-2017,524.9,525.65,509.55,510.9,526.12,506.84,499.8
15-03-2017,514.7,515.8,509.05,511.7,526.12,507.08,499.8
16-03-2017,513,516.8,511.3,513.65,519.35,508.75,499.8
17-03-2017,515.3,519,511.7,517.15,519.03,509.58,499.8
20-03-2017,518,518.25,501.3,502.85,519.47,506.4,500.85
21-03-2017,498.75,500,486.05,488.3,518.72,501.96,526.12
22-03-2017,485,502.4,484,485.45,509.35,496.02,526.12
23-03-2017,487.55,492,483,488.25,504.54,490.52,519.47
24-03-2017,491,495.7,484.85,489.35,499.51,484.79,519.47
27-03-2017,488.4,493.25,483.55,487.15,496.15,482,519.47
28-03-2017,492.3,505,490.05,502.8,483.11,497.6,518.72
29-03-2017,506,513,500.1,504.2,488.07,500.44,513.46
30-03-2017,498.95,504,495,499.25,490.33,502.71,513.46
31-03-2017,499.7,503.7,488.8,490.8,490.52,504.45,513.46
03-04-2017,495.7,503.7,491.35,500.6,492.66,506.38,513.46
05-04-2017,503.85,510.55,498.85,508.3,490.91,507.26,513.46
06-04-2017,507.7,517.65,505.15,508.7,495.15,508.15,518.12
07-04-2017,507,514.9,502.5,504.2,496.09,509.76,518.12
10-04-2017,504.65,513,503.35,510.75,500.06,512.69,518.12
11-04-2017,509.6,516.6,508.1,515.05,502.9,515.23,518.12
12-04-2017,515.3,520.4,503.25,506,502.8,515.94,520.87
13-04-2017,506.6,511.35,502.9,507.55,502.45,515.1,520.87
17-04-2017,505.55,509.05,501.25,502.35,514.15,502.93,520.87
18-04-2017,505,508.95,498,499.65,512.49,501.01,520.87
19-04-2017,498.25,501.45,488.25,499.5,509.71,497.3,520.87
20-04-2017,496.15,504.4,487,488,506.26,493.8,520.87
21-04-2017,492,497,483.3,486.25,504.85,489.31,520.87
24-04-2017,487.95,503.6,481,498.65,504.05,486.48,511.81
25-04-2017,501,520.15,495.1,516.4,480.57,506.87,480.57
26-04-2017,519.5,525,508.05,517.15,491,511.04,480.57
27-04-2017,524,524,503.25,506.6,494.34,515.06,480.57
28-04-2017,508.3,515.3,504.5,509.65,499.06,519.21,480.57
02-05-2017,509.5,513.1,501.6,505.55,501.15,520.02,480.57
03-05-2017,506.9,507.35,500,500.85,515.91,501.52,480.57
04-05-2017,504.95,521.8,502,518.85,499.55,516.11,494.65
05-05-2017,522,522.4,502.5,504.5,500.89,515.67,499.55
08-05-2017,509,513.7,503.3,511.2,501.04,515.74,499.55
09-05-2017,513,521.25,510.55,518.2,502.85,517.92,499.55
10-05-2017,519,527.55,515.7,526.35,507.52,522.97,499.55
11-05-2017,525.2,534.6,513.45,516.9,507.93,523.66,499.55
12-05-2017,516.7,516.85,499.2,503,535.08,507.66,498.75
15-05-2017,505,508.5,498.4,500.1,521.09,505.87,497.95
16-05-2017,502.1,504.5,493.5,501.5,517.76,502.49,493.06
17-05-2017,501.35,506.75,498.5,502.8,512.99,498.45,493.06
18-05-2017,498,499.1,490.25,492,507.21,494.41,535.08
19-05-2017,495.75,503.85,494.2,501.7,504.9,494.43,535.08
22-05-2017,504,507.45,499.5,502.3,507.91,494.94,517.32
23-05-2017,502.25,506.1,495.2,500.6,507.91,494.94,508.96
24-05-2017,503,505,495,499.3,506.56,494.13,507.91
25-05-2017,502,509.9,495.85,507.45,494.55,507.63,510.36
26-05-2017,508,513,505,511.45,495.4,509.43,489.81
29-05-2017,511.9,515,502.2,507.25,498.86,510.92,493.76
30-05-2017,505,516.95,503.65,514.4,501.1,513.64,494.55
31-05-2017,514,516,509.5,514.05,503.2,516.11,494.55
01-06-2017,512.15,515.95,505.5,509.3,505.05,516.52,494.55
02-06-2017,513.5,513.5,506.35,508.05,505.05,516.04,495.4
05-06-2017,507.35,516.75,507,513.65,505.89,516.81,501.75
06-06-2017,514,514.4,505.55,510.2,505.1,515.78,501.75
07-06-2017,510,515.45,508.1,514.2,505.1,515.82,503.2
08-06-2017,514,521.8,511.35,515.75,507.44,517.07,505.05
09-06-2017,515,516.35,509.4,513.65,508.41,518,505.05
12-06-2017,512.45,513.1,506,507.5,516.81,507.7,505.1
13-06-2017,509,512.3,505.5,506.45,515.98,507.33,505.05
14-06-2017,509,510.9,501.55,509.5,515.18,506.13,501.1
15-06-2017,508.85,509.3,504,507.6,512.92,504.9,501.1
16-06-2017,507.65,514.3,507.5,510.45,514.76,504.36,501.1
19-06-2017,511,525.35,509.3,520.15,505.67,515.45,501.1
20-06-2017,520.2,521.7,510.5,511.85,506.43,517.09,501.1
21-06-2017,511.05,512.5,506.75,507.75,506.78,522.17,501.1
22-06-2017,508.9,514.45,506.65,508,506.84,517.29,501.1
23-06-2017,509.6,510.45,503.65,504.65,516.25,505.81,503.2
27-06-2017,506,506.7,484.45,492.85,511.78,500.11,525.82
28-06-2017,493.8,500.35,490.05,492,507.65,496.16,525.82
29-06-2017,498,514.4,497.7,512.1,489.61,509.08,522.17
30-06-2017,510.6,520,508.1,517.35,496.48,510.98,520.47
03-07-2017,517.1,521.8,515,517.25,498.91,513.41,522.27
04-07-2017,516.8,517.55,506.55,508.4,503.21,515.46,522.27
05-07-2017,507.75,515.4,507.75,513.9,506.09,519.21,522.27
06-07-2017,511,512.85,508.15,509.5,507.29,517.96,522.27
07-07-2017,508.25,508.95,501.25,503.15,515.05,506.56,522.27
10-07-2017,521,529.75,506.7,509.95,530.23,503.95,530.23
11-07-2017,512,512.4,505.8,506.8,530.23,503.98,530.23
12-07-2017,508.9,509.9,504.2,506.75,513.39,502.92,530.23
13-07-2017,508,516.85,508,511.9,517.32,502.96,530.23
14-07-2017,514,514.5,507.7,512.95,517.32,504.75,530.23
17-07-2017,513.1,514,508.5,510.5,514.96,506.11,530.23
18-07-2017,509,522.7,508.35,516.55,507.07,516.23,530.23
19-07-2017,518,521.95,516.05,520.2,507.89,518.84,523.17
20-07-2017,520.8,544.2,520.7,540,513.25,525.39,503.75
21-07-2017,540,542.4,532.25,540.8,518.37,531.19,507.24
24-07-2017,541,546.4,531.4,534.8,522.5,537.23,507.24
25-07-2017,533.5,547.5,529.95,544.95,527.51,542.89,507.89
26-07-2017,538.9,543.95,525.4,528.85,528.44,547.99,507.89
27-07-2017,532.4,534.95,522,524.65,544.44,527.19,515.59
28-07-2017,523.8,529.65,512,515.1,539.21,521.91,547.99
31-07-2017,517.4,521.2,509.4,519.8,535.31,518.66,547.99
01-08-2017,518.2,521.75,514.75,516.55,529.1,514.57,547.99
02-08-2017,518.75,524.05,512.6,516.9,525.7,512.6,547.99
03-08-2017,516,516.35,504.8,506,524.52,509.06,544.44
04-08-2017,506,510.8,504.6,508.1,518.92,508.4,535.43
07-08-2017,509,511.8,504.1,505.8,516.15,506.45,530.13
08-08-2017,507.7,510.95,496.05,499.45,513.68,502.4,524.52
09-08-2017,494.45,498.65,485.45,486.95,511.41,496.49,524.52
10-08-2017,485.1,494.15,483.55,485.5,503.82,492.41,524.52
11-08-2017,482.9,493.35,480,489.7,500.68,487.84,516.81
14-08-2017,491,497.45,489.75,491.75,497.9,485.01,512.26
16-08-2017,492.95,501.55,488,499.5,484.57,497.14,512.26
17-08-2017,500.2,503.45,495,497.15,486.88,498.5,511.41
18-08-2017,495.3,495.95,489.85,490.4,488.26,498.98,503.9
21-08-2017,492.1,503.4,491.8,494.8,489.41,500.21,503.9
22-08-2017,496,507,496,499.2,491.03,502.06,507.46
23-08-2017,505,505.8,500.15,502.65,492.78,502.24,507.46
24-08-2017,503,510.5,502.05,506.85,494.54,504,510.96
28-08-2017,507.5,512.9,506.2,510.6,498.28,507.87,513.36
29-08-2017,509.4,509.45,501,503.6,500.28,509.24,513.36
30-08-2017,506.2,509.5,502.3,503.9,500.55,509.78,513.36
31-08-2017,504,505.4,498.55,500.35,509.96,501.09,513.36
01-09-2017,502,509.8,498.5,507.55,510.26,500.75,513.36
04-09-2017,506.6,509,499.7,501.75,510.26,498.97,513.36
05-09-2017,502.25,506.65,501.5,503.4,509.46,499.19,513.36
06-09-2017,502,502,491.5,492.85,507.11,496.78,510.26
07-09-2017,494,499,494,496.6,505.25,496.1,510.26
08-09-2017,498,498.5,491.85,494,502.38,494.16,510.26
11-09-2017,495.35,497.4,492.65,493.9,500.26,492.95,510.26
12-09-2017,494.9,502.2,493.25,496.5,502.65,491.23,509.46
13-09-2017,496.1,505.6,495.05,499.3,506.06,492.32,507.11
14-09-2017,505,521.8,502.1,519.75,494.6,505.99,491.06
15-09-2017,517.95,520,511,516.15,499.04,510.54,491.41
18-09-2017,518.65,526,518.3,524.55,504.63,516.73,491.41
19-09-2017,522,524.1,517.5,520.75,509.63,521.27,492.21
20-09-2017,516.75,522.5,516.75,519.45,514.08,524.77,492.81
21-09-2017,518,522.5,505.65,512.55,523.66,513.55,494.6
22-09-2017,509.4,510.5,503.2,505.3,522.97,511.7,501.65
25-09-2017,504,505,488.3,501.7,517.62,506.06,487.86
26-09-2017,500,518.2,500,511.95,516.82,487.86,487.86
27-09-2017,513.4,513.9,500.5,506.3,515.01,499.55,487.86
28-09-2017,507.85,517.25,505.65,511.8,514.21,499.85,487.86
29-09-2017,511.1,516.95,505.1,509.15,515.45,500.19,487.86
03-10-2017,514,517,504.1,509.65,517.06,502.55,487.86
04-10-2017,507.5,511,504.5,505.95,515,502.83,487.86
05-10-2017,506.65,507.85,497.45,501.2,513.72,502.15,497
06-10-2017,503,507,501.25,503.35,511.51,501.12,497
09-10-2017,503.4,508.8,501.25,505.95,510.26,500.73,497
10-10-2017,507.5,515.7,504.1,514.55,500.8,510.74,497
11-10-2017,519.9,523.3,509.4,515.75,502.6,513.36,497
12-10-2017,516.3,525.95,512.8,525.1,506.63,517.94,497
13-10-2017,524.25,534.65,522.5,529.45,511.09,523.69,497
16-10-2017,530.35,531.75,514.2,520.35,513.21,527.81,500.8
17-10-2017,520.95,526.1,511,513.15,532.23,513.25,500.8
18-10-2017,488,489,460.9,464.5,526.57,502.24,535.13
19-10-2017,463.9,465,458,460.3,511.06,488.56,535.13
23-10-2017,458.65,461.05,447.5,449.95,499,464.58,535.13
24-10-2017,451.65,457.8,450.1,451.95,485.33,460.64,535.13
25-10-2017,468.15,476.5,456.65,473,472.47,449.69,532.23
26-10-2017,472,487.85,471.5,484.3,456.24,470.53,526.57
27-10-2017,485,491.4,481.65,485.95,461.62,475.9,491.84
30-10-2017,487.2,489,481.6,484,468.83,482.03,491.84
31-10-2017,495,529,493.3,523.15,476.87,498.02,447.1
01-11-2017,524.95,544,524.5,535.1,487.52,510.79,449.69
02-11-2017,534,538,526.3,532.15,499.43,524.97,456.24
03-11-2017,535.35,545.7,534.1,540.1,510.79,531.18,471.08
06-11-2017,539.05,541.55,530.75,534.5,521.14,541.66,481.17
07-11-2017,535.5,539.4,523,527.15,526.64,542.04,481.17
08-11-2017,537.7,551.9,533.6,544.85,522.53,543.35,492.86
09-11-2017,548.95,555.45,533,540.4,529.45,546.33,522.53
10-11-2017,534.95,548.95,532.45,544.8,529.64,547.5,522.53
13-11-2017,557,564.55,534.05,537.35,528.93,550.73,522.53
14-11-2017,537.35,549.95,532.6,545.65,531.97,553.96,522.53
15-11-2017,546.5,551.4,537.1,542,532.09,553.28,522.53
16-11-2017,544,548.5,541.2,542.6,533.94,552.1,531.97
17-11-2017,550,557.4,540.55,542.4,534.13,552.37,531.97
20-11-2017,542.25,547.5,536.75,545.15,536.27,550.96,531.97
21-11-2017,547,548.9,539.15,546.8,536.27,550.53,532.12
22-11-2017,546.55,547,539,540.5,538.11,549.62,532.12
23-11-2017,542.4,547.8,535.55,544.15,535.07,550.11,535.07
24-11-2017,544.95,547.7,541.05,545.5,535.07,549.19,535.07
27-11-2017,544.1,561.85,540.95,559.4,540.24,552.73,535.07
28-11-2017,559.5,565.9,558,562.55,540.46,555.84,535.07
29-11-2017,560.55,562.2,546.8,549.5,544.94,558.55,535.07
30-11-2017,547.15,547.5,534.15,535.4,562.71,543.61,533.67
01-12-2017,539.4,539.9,531.9,533.85,555.45,541.36,531.42
04-12-2017,536.2,540.85,529.65,534.95,550.14,537.99,529.17
05-12-2017,535,537.85,530.75,533.15,544.29,532.31,529.17
06-12-2017,532.2,534.5,529.2,530.5,539.68,529.28,528.72
07-12-2017,532.9,538,529.1,534.05,538.48,529.06,528.62
08-12-2017,536.7,544.5,536.6,542.5,528.62,539.58,528.62
11-12-2017,550,552.25,542.7,545.1,532.87,541.58,528.62
12-12-2017,544,544,535.1,538.6,533.76,542.84,528.62
13-12-2017,538,543,533.05,535.75,532.57,544.42,528.62
14-12-2017,537,543.4,534.75,541.45,532.57,545.75,528.62
15-12-2017,552.2,552.4,543.05,547.95,534.27,547.1,528.62
18-12-2017,537.95,553.8,530,548.65,529.52,548.63,529.52
19-12-2017,549.25,556,545.4,553.65,529.52,551.55,529.52
20-12-2017,553.5,557.8,548.6,554.5,541.69,554.99,529.52
21-12-2017,551.8,556.95,545.05,548.95,543.15,557.11,529.52
22-12-2017,549.9,554.8,547.1,553.6,544.29,557.92,529.52
26-12-2017,555,557.25,550.3,555,546.61,557.87,529.52
27-12-2017,554,560.65,551,554.6,548.17,558.25,529.52
28-12-2017,546.15,554.2,544,546.85,561.15,546.78,543.51
29-12-2017,548.2,567.85,547,563.95,543.51,560.38,543.51
01-01-2018,563.8,569.8,560.5,565.5,546.51,563.07,543.51
02-01-2018,567,568.6,556.35,559.5,551.33,564.78,543.51
03-01-2018,561.3,565.45,555.75,560.45,552.42,565.89,543.51
04-01-2018,564.85,565,558,559.9,555.25,568.14,543.51
05-01-2018,561.05,566,556.7,563.25,556.2,567.15,543.51
08-01-2018,565.8,568,562.45,565.45,556.2,566.77,546.51
09-01-2018,564,573,563,565.3,558.37,567.69,555.25
10-01-2018,566.15,566.7,560.45,562.8,559.22,567.86,555.25
11-01-2018,562,563.15,553.55,558.75,567.75,558.6,553.05
12-01-2018,560.2,563.4,552.5,555.1,566.6,557.13,552
15-01-2018,556.7,564.45,556.4,560.55,565.88,555.91,552
16-01-2018,562.95,566.9,555.8,563.2,567.41,555.07,552
17-01-2018,564.05,589.3,561,585.2,555.3,571.23,552
18-01-2018,596,597.15,578.6,584.8,560.5,577.57,552
19-01-2018,584.9,594,581.2,590.25,567.64,584.43,552
22-01-2018,595.95,621.75,583.15,611.55,574.18,597.1,552
23-01-2018,616.4,627.6,611.45,620.1,582.63,609.08,555.3
24-01-2018,621.9,621.9,606.3,607.95,592.02,613.44,555.3
25-01-2018,610,619.25,598.6,616.1,597.38,619.24,560.5
29-01-2018,614.55,620.9,603.65,605.55,598.06,623.37,578.08
30-01-2018,605.6,607.45,592.45,593.75,621.46,600.44,580.68
31-01-2018,589.3,596,587.15,593.6,612.33,595.78,582.63
01-02-2018,593.6,610,586.1,592.8,610.55,591.86,585.57
02-02-2018,587.8,587.8,561.3,564.9,610.55,582.17,622.46
05-02-2018,551.1,568.65,547.5,566.25,593.06,572.93,621.46
06-02-2018,543,577.05,534,563.7,588.89,563.17,621.46
07-02-2018,568,574.65,556,559.35,583.55,555.88,610.55
08-02-2018,562.8,576.9,559.7,568.45,577.65,551.32,610.55
09-02-2018,559.9,561.95,550.4,557.55,577.42,550.61,610.55
12-02-2018,563.7,568,560.35,564.2,572.72,552.09,588.33
14-02-2018,565,565.85,540.1,543.9,568.51,551.01,577.57
15-02-2018,534.75,554.8,531.35,543.7,566.36,546.97,577.57
16-02-2018,547.05,548.6,535,537.85,558.88,541.49,577.42
19-02-2018,537.85,544.95,527.5,540.55,555.87,537.3,577.42
20-02-2018,542,548.05,529.4,531.7,550.93,530.18,568.51
21-02-2018,534,538.5,524.4,535.8,548.54,528.83,568.51
22-02-2018,533,533.75,527.5,530.25,542.9,527.93,566.36
23-02-2018,527,538.9,525.55,536.65,542.08,527.16,555.3
26-02-2018,541.1,554.4,539,552.3,525.08,544.14,554.9
27-02-2018,551.6,551.6,536.15,538.4,531.18,545.06,554.9
28-02-2018,534,536.5,520,528.75,552.1,529.79,554.9
01-03-2018,524,535.55,522,525.75,544.15,528.33,554.9
05-03-2018,524,528.95,521.3,524.55,541.49,526.82,554.9
06-03-2018,526,530.65,511.2,517.35,535.51,520.04,554.9
07-03-2018,510.9,517.9,507.55,512.65,531.13,515.05,554.9
08-03-2018,518.45,523.95,507.45,520.55,527.55,513.12,552.1
09-03-2018,522.45,522.55,503,505.35,524.42,508.74,536.98
12-03-2018,510.6,521.95,505.3,519.2,523.78,506.36,536.03
13-03-2018,517.1,534.95,514.65,531.5,504.85,526.02,535.43
14-03-2018,528.95,538,522.5,536.15,512.2,530.84,502.55
15-03-2018,535.2,539.2,528.25,529.65,515.17,532.7,502.55
16-03-2018,530.9,532.9,520.5,522.6,519.11,535.21,502.55
19-03-2018,522.6,526,517.05,519.45,520.43,535,502.55
20-03-2018,509,525,509,521.1,518.96,532.67,504.85
21-03-2018,523,532.5,522.5,526.3,508.54,530.62,508.54
22-03-2018,522.6,525.9,516.75,518.2,515.84,528.08,508.54
23-03-2018,509.5,510.25,496,499.5,526.37,511.01,539.69
26-03-2018,499,509.3,495.2,507.3,521.22,507.59,533.38
27-03-2018,512.3,522.55,509.05,512.2,519.7,494.75,532.98
28-03-2018,512.9,512.9,501.6,510.5,516.37,501.15,532.98
02-04-2018,506.75,508.5,492.2,499.05,513.36,498.33,532.98
03-04-2018,494,506,493.7,501.55,512.99,498.58,526.37
04-04-2018,504.5,504.5,490.25,492.25,510.67,496.24,523.02
05-04-2018,498.4,504.65,495.2,503.1,507.99,494.37,523.02
06-04-2018,502.95,502.95,495.2,500.2,505.72,492.81,523.02
09-04-2018,502.2,522,501.2,519.3,494.75,509.62,522.47
10-04-2018,523,549.7,521.4,546.15,500.75,519.56,489.81
11-04-2018,550.1,551,534,539.8,510.35,529.19,489.81
12-04-2018,537.3,550,534.85,548.75,518.9,538.69,489.81
13-04-2018,550,555.55,535.75,542.55,527.47,548.65,494.75
16-04-2018,541.5,543.8,530.35,542.4,529.87,552.7,494.75
17-04-2018,544.95,544.95,530.25,532.4,529.77,549.64,500.75
18-04-2018,535.5,535.5,516.5,518.25,545.86,528.48,516.04
19-04-2018,521,521.45,509.1,512.9,538.99,522.17,556.05
20-04-2018,513.5,513.85,503,505.7,530.98,515.68,556.05
23-04-2018,508.4,511.2,500,506.2,524.3,508.98,556.05
24-04-2018,506,514.75,503.35,504.85,517.74,503.74,545.44
25-04-2018,506,506,496.3,498.4,515.21,500.37,545.44
26-04-2018,496.75,501.05,483.3,493.75,508.83,495.74,535.98
27-04-2018,481.25,543.1,481.25,539.2,480.82,518.65,480.82
30-04-2018,535.8,536.1,513.4,517.3,480.82,522.56,480.82
